PitID,PairID,Date,Latitude,Longitude,totalThickness,Veg,RainYN,AspectDeg,Day,TRI,TPI,Elevation,Slope,Rain,SnowDepth
DC-0208-A-MOO-01-,DC208MOOA,2/8/2022,63.81984,-149.16376,0,Forest,Y,65.01861126,43,5.302832093,-0.161003418,687.324,0,0.281868096,48
DC-0208-A-MOO-02-,DC208MOOA,2/8/2022,63.8198,-149.16368,0,Forest,Y,65.01861126,43,5.302832093,-0.161003418,691.5912,0,0.281868096,43
DC-0208-B-WLF-01-,DC208WLFB,2/8/2022,63.82078,-149.15071,0,Forest,Y,267.8257326,43,4.989565633,-0.013481445,665.3784,0,0.552397049,109
DC-0208-B-WLF-02-,DC208WLFB,2/8/2022,63.82081,-149.15063,0,Forest,Y,267.8257326,43,4.989565633,-0.013481445,672.084,0,0.552397049,117
DC-0228-A-MOO-01-,DC228MOOA,2/28/2022,63.84563,-149.07437,1,Forest,Y,29.09394852,63,8.288391312,0.476367188,561.7464,2,0.70851619,108
DC-0228-A-MOO-02-,DC228MOOA,2/28/2022,63.84571,-149.07425,0,Forest,Y,29.09394852,63,8.288391312,0.476367188,561.7464,5,0.70851619,104
DC-0228-B-MOO-03-,DC228MOOB,2/28/2022,63.84954,-149.07103,17,Shrub,Y,119.3492248,63,7.245155996,0.145566406,568.452,0,2.479792071,39
DC-0228-B-MOO-04-,DC228MOOB,2/28/2022,63.84953,-149.07103,0,Shrub,Y,119.3492248,63,7.245155996,0.145566406,569.976,0,2.479792071,32
DC-0228-C-COY-01-,DC228COYC,2/28/2022,63.85453,-149.06284,0,Forest,Y,97.64843152,63,10.03886802,1.544169922,552.2976,5,2.997450518,45
DC-0228-D-COY-02-,DC228COYC,2/28/2022,63.85442,-149.06268,17,Shrub,Y,133.926967,63,7.604246909,-0.71390625,533.0952,5,2.997450518,67
DC-0302-A-MOO-03-,DC302MOOA,3/2/2022,63.81457,-149.18051,0,Shrub,Y,94.56615844,65,8.144455296,-1.152905273,707.4408,0,0.06548027,18
DC-0302-A-MOO-04-,DC302MOOA,3/2/2022,63.81457,-149.18051,0,Shrub,Y,94.56615844,65,8.144455296,-1.152905273,707.4408,0,0.06548027,18
EF-0316-A-WLF-07-,EF316WLFA,3/16/2022,63.8354,-150.00776,2,Forest,Y,268.9568485,79,10.31311564,-1.280059814,517.5504,0,5.95513888,47
EF-0316-A-WLF-08-,EF316WLFA,3/16/2022,63.83539,-150.00791,0,Forest,Y,294.4154277,79,10.79916483,-1.640345459,521.8176,0,5.95513888,111
JC-0301-A-WLF-01-,JC301WLFA,3/1/2022,63.7069,-149.24546,13,Tundra,N,289.3167895,64,19.96409846,1.561125488,856.488,7,0,124
JC-0301-A-WLF-02-,JC301WLFA,3/1/2022,63.70695,-149.24549,0,Tundra,N,328.6629232,64,36.14996694,2.669023437,850.0872,7,0,125
JC-0301-B-WLF-03-,JC301WLFB,3/1/2022,63.70703,-149.24534,3,Forest,N,328.6629232,64,36.14996694,2.669023437,850.0872,7,0,96
JC-0301-B-WLF-04-,JC301WLFB,3/1/2022,63.70716,-149.24551,13,Forest,N,328.6629232,64,36.14996694,2.669023437,843.0768,11,0,115
JC-0301-C-WLF-01-,JC301WLFC,3/1/2022,63.70909,-149.25361,10,Shrub,N,314.7746224,64,11.08059786,-1.092312012,818.0832,0,0,52
JC-0301-C-WLF-02-,JC301WLFC,3/1/2022,63.70908,-149.25369,11,Shrub,N,306.4958324,64,8.311708574,-0.498513184,818.0832,0,0,62
JC-0301-C-WLF-07-,JC301WLFD,3/1/2022,63.71589,-149.279,3,Shrub,Y,211.9706491,64,6.139215215,0.998088379,815.9496,2,0.046635186,114
JC-0301-C-WLF-08-,JC301WLFD,3/1/2022,63.715886,-149.279043,3,Shrub,Y,211.9706491,64,6.139215215,0.998088379,633.0696,1,0.046635186,123
MR-0204-A-BOU-01-,MR204BOUA,2/4/2022,63.83768,-149.20096,12,Tundra,Y,77.5055495,39,16.04182564,-0.010612793,910.4376,17,0.205480368,78
MR-0204-B-WLF-01-,MR204WLFB,2/4/2022,63.83301,-149.18372,4,Tundra,Y,26.58007889,39,17.6597639,2.422062988,961.644,7,0.281868096,45
MR-0204-B-WLF-02-,MR204WLFB,2/4/2022,63.83319,-149.18385,3,Tundra,Y,359.7889643,39,21.16895739,1.209345703,959.8152,6,0.281868096,21
MR-0302-A-MOO-01-,MR302MOOA,3/2/2022,63.83839,-149.19941,14,Tundra,Y,61.25872119,65,17.89619212,0.573408203,900.3792,9,0.205480368,135
MR-0302-B-MOO-02-,MR302MOOA,3/2/2022,63.83838,-149.1994,10,Tundra,Y,61.25872119,65,17.89619212,0.573408203,900.3792,5,0.205480368,139
MR-0311-A-BOU-01-,MR311BOUA,3/11/2022,63.83983,-149.20753,0,Tundra,Y,60.73514446,74,30.45239274,0.070744629,994.2576,8,0.205480368,167
MR-0311-A-BOU-02-,MR311BOUA,3/11/2022,63.83991,-149.20759,11,Tundra,Y,60.73514446,74,30.45239274,0.070744629,993.648,15,0.205480368,235
MR-0311-B-BOU-03-,MR311BOUB,3/11/2022,63.83914,-149.20937,3,Tundra,Y,112.8357655,74,51.23666219,7.31989502,1016.8128,7,0.205480368,31
MR-0311-B-BOU-04-,MR311BOUB,3/11/2022,63.83906,-149.20937,2,Tundra,Y,112.8357655,74,51.23666219,7.31989502,1017.4224,7,0.205480368,93
MR-0311-C-BOU-05-,MR311BOUC,3/11/2022,63.83792,-149.21928,18,Tundra,Y,151.8141405,74,28.16951559,0.6109375,1077.7728,5,0.104184344,31
MR-0311-C-BOU-06-,MR311BOUC,3/11/2022,63.83789,-149.21942,0,Tundra,Y,151.8141405,74,28.16951559,0.6109375,1078.6872,5,0.104184344,23
MR-0311-D-BOU-07-,MR311BOUD,3/11/2022,63.83906,-149.21435,9,Tundra,Y,55.25968724,74,36.34225178,4.011132812,1053.084,5,0.205480368,85
MR-0311-D-BOU-08-,MR311BOUD,3/11/2022,63.83909,-149.21428,24,Tundra,Y,55.25968724,74,36.34225178,4.011132812,1053.084,7,0.205480368,93
MR-0314-A-COY-01-,MR314COYA,3/14/2022,63.84108,-149.18918,3,Tundra,Y,30.17511666,77,25.29943775,3.266569824,922.02,16,0.205480368,51
MR-0314-A-COY-02-,MR314COYA,3/14/2022,63.84099,-149.18931,5,Tundra,Y,30.17511666,77,25.29943775,3.266569824,924.1536,10,0.205480368,25
MR-0314-B-COY-03-,MR314COYB,3/14/2022,63.8413,-149.1865,4,Tundra,Y,70.66519953,77,22.26713026,1.578857422,911.0472,2,0.205480368,56
MR-0314-B-COY-04-,MR314COYB,3/14/2022,63.84143,-149.18652,0,Tundra,Y,59.3014103,77,23.30450143,0.614885254,907.6944,7,0.205480368,94
MR-0314-C-COY-05-,MR314COYC,3/14/2022,63.84232,-149.18676,4,Tundra,Y,358.7821487,77,31.99569848,0.948276367,892.4544,7,0.205480368,31
MR-0314-C-COY-06-,MR314COYC,3/14/2022,63.84234,-149.18667,8,Tundra,Y,358.7821487,77,31.99569848,0.948276367,893.6736,11,0.205480368,33
MR-0314-D-COY-07-,MR314COYD,3/14/2022,63.84264,-149.1835,0,Tundra,Y,72.40012076,77,21.26271111,0.336259766,869.2896,6,0.281868096,29
MR-0314-D-COY-08-,MR314COYD,3/14/2022,63.84265,-149.18376,5,Tundra,Y,65.34315949,77,22.70864373,-0.112419434,871.1184,5,0.281868096,64
MR-0314-E-COY-09-,MR314COYE,3/14/2022,63.8371,-149.19155,3,Tundra,Y,35.14258423,77,34.9753895,5.238959961,942.1368,7,0.205480368,28
MR-0314-E-COY-10-,MR314COYE,3/14/2022,63.83695,-149.19107,9,Tundra,Y,100.6778328,77,21.42745045,2.558574219,936.0408,6,0.205480368,89
MR-0314-F-COY-11-,MR314COYF,3/14/2022,63.83482,-149.18086,8,Tundra,Y,295.9894091,77,29.0882812,-1.337900391,939.0888,7,0.281868096,79
MR-0314-F-COY-12-,MR314COYF,3/14/2022,63.83479,-149.18099,9,Tundra,Y,295.9894091,77,29.0882812,-1.337900391,940.0032,11,0.281868096,77
MR-0314-G-COY-13-,MR314COYG,3/14/2022,63.83648,-149.19001,4,Tundra,Y,104.2110119,77,21.83451496,-1.964194336,922.9344,2,0.205480368,58
MR-0314-G-COY-14-,MR314COYG,3/14/2022,63.83648,-149.19001,3,Tundra,Y,104.2110119,77,21.83451496,-1.964194336,922.9344,5,0.205480368,72
MV-0301-A-MOO-01-,MV301MOOA,3/1/2022,63.71651,-149.25019,12,Tundra,N,127.1037269,64,8.373238836,0.199418945,847.6488,0,0,72
MV-0301-A-MOO-02-,MV301MOOA,3/1/2022,63.71655,-149.25012,11,Tundra,N,127.1037269,64,8.373238836,0.199418945,847.6488,1,0,58
NEON-0121-A-NEON-01-,NEON121NEONA,1/21/2022,63.87714,-149.21461,4,Tundra,Y,12.26619033,25,8.583285927,0.506337891,678.7896,1,0.72600801,70
NEON-0123-A-NEON-02-,NEON123NEONA,1/23/2022,63.8769,-149.21452,14,Tundra,Y,14.97231472,27,7.076495768,-0.10357666,678.7896,1,0.72600801,76
NEON-0128-A-NEON-03-,NEON128NEONA,1/28/2022,63.87697,-149.21481,7,Tundra,Y,12.15033107,32,7.883519444,0.18940918,678.7896,1,0.72600801,64
NEON-0204-A-NEON-04-,NEON204NEONA,2/4/2022,63.87664,-149.21437,20,Tundra,Y,350.1153874,39,6.170470801,-0.082067871,678.7896,1,0.72600801,62
NEON-0211-A-NEON-04-,NEON211NEONA,2/11/2022,63.87664,-149.21437,7,Tundra,Y,350.1153874,46,6.170470801,-0.082067871,678.7896,1,0.72600801,71
NEON-0217-A-NEON-04-,NEON217NEONA,2/17/2022,63.87664,-149.21437,7,Tundra,Y,350.1153874,52,6.170470801,-0.082067871,678.7896,1,0.72600801,86
NEON-0225-A-NEON-04-,NEON225NEONA,2/25/2022,63.87664,-149.21437,1,Tundra,Y,350.1153874,60,6.170470801,-0.082067871,678.7896,1,0.72600801,70
NEON-0228-A-NEON-04-,NEON228NEONA,2/28/2022,63.87664,-149.21437,7,Tundra,Y,350.1153874,63,6.170470801,-0.082067871,678.7896,1,0.72600801,70
NEON-0310-A-NEON-04-,NEON310NEONA,3/10/2022,63.87664,-149.21437,6,Tundra,Y,350.1153874,73,6.170470801,-0.082067871,678.7896,1,0.72600801,87
NEON-0318-A-NEON-04-,NEON318NEONA,3/18/2022,63.87664,-149.21437,8,Tundra,Y,350.1153874,81,6.170470801,-0.082067871,678.7896,1,0.72600801,78
NEON-0324-A-NEON-04-,NEON324NEONA,3/24/2022,63.87664,-149.21437,6,Tundra,Y,350.1153874,87,6.170470801,-0.082067871,678.7896,1,0.72600801,92
OO-0325-A-BOU-01-,OO325BOUA,3/25/2022,63.96636,-149.43499,2,Tundra,Y,187.7444252,88,13.1951967,0.03769043,1069.848,3,0.757114439,46
OO-0325-A-BOU-02-,OO325BOUA,3/25/2022,63.96638,-149.435,0,Tundra,Y,187.7444252,88,13.1951967,0.03769043,1069.848,8,0.757114439,45
OO-0325-B-BOU-03-,OO325BOUB,3/25/2022,63.96483,-149.44624,4,Tundra,Y,137.2185635,88,7.540450401,0.351040039,1051.8648,0,0.757114439,60
OO-0325-B-BOU-04-,OO325BOUB,3/25/2022,63.96478,-149.44595,3,Tundra,Y,148.68744,88,7.486514303,-0.052363281,1051.8648,0,0.757114439,27
OO-0325-C-BOU-05-,OO325BOUC,3/25/2022,63.96824,-149.45012,0,Tundra,Y,348.5384794,88,10.56478407,0.862695312,1051.8648,5,1.563973016,66
OO-0325-C-BOU-06-,OO325BOUC,3/25/2022,63.96824,-149.45012,5,Tundra,Y,348.5384794,88,10.56478407,0.862695312,1046.0736,0,1.563973016,70
OO-0325-D-BOU-07-,OO325BOUD,3/25/2022,63.96876,-149.44831,4,Tundra,Y,291.2514379,88,9.356638057,0.025854492,1050.6456,5,1.563973016,50
OO-0325-D-BOU-08-,OO325BOUD,3/25/2022,63.96878,-149.4483,0,Tundra,Y,291.2514379,88,9.356638057,0.025854492,1050.3408,0,1.563973016,46
OO-0325-D-BOU-09-,OO325BOUD,3/25/2022,63.96872,-149.44822,0,Tundra,Y,291.2514379,88,9.356638057,0.025854492,1050.3408,0,1.563973016,30
PC-0223-A-MOO-01-,PC223MOOA,2/23/2022,63.88235,-149.17084,3,Shrub,Y,356.0807018,58,9.492105507,-0.497736816,591.6168,12,3.330721676,126
PC-0223-A-MOO-02-,PC223MOOA,2/23/2022,63.88236,-149.17075,5,Shrub,Y,334.65743,58,10.84999447,-0.160595703,588.5688,3,3.330721676,92
PC-0223-B-MOO-03-,PC223MOOB,2/23/2022,63.89652,-149.1581,0,Shrub,Y,55.68589303,58,15.38043798,-1.813779297,512.064,0,3.330721676,38
PC-0223-C-COY-01-,PC223COYC,2/23/2022,63.89667,-149.15285,19,Forest,Y,185.0384581,58,13.47086854,-1.2106604,500.1768,2,3.321480579,97
PC-0223-C-COY-02-,PC223COYC,2/23/2022,63.89663,-149.15293,0,Shrub,Y,98.71647864,58,14.91950834,-1.549127197,499.872,0,3.321480579,34
PC-0223-C-COY-03-,PC223COYC,2/23/2022,63.89658,-149.15302,0,Shrub,Y,98.71647864,58,14.91950834,-1.549127197,499.872,0,3.321480579,34
PG-0207-A-COY-01-,PG207COYA,2/7/2022,63.89972,-149.34352,4,Forest,Y,320.2202367,42,6.923289028,0.359790039,571.8048,0,3.31241038,107
PG-0207-A-COY-02-,PG207COYA,2/7/2022,63.89961,-149.34349,13,Tundra,Y,320.2202367,42,6.923289028,0.359790039,569.976,0,3.31241038,104
PR-0120-B-MOO-01-,PR120MOOB,1/20/2022,63.71658,-148.99258,8,Forest,N,131.4570301,24,20.01009467,-1.772988281,658.368,2,0,105
PR-0120-B-MOO-02-,PR120MOOB,1/20/2022,63.71658,-148.71658,8,Forest,N,342.308186,24,28.1940432,-0.159291992,659.2824,3,0,109
PR-0201-A-WLF-01-,PR201WLFA,2/1/2022,63.71763,-149.01028,7,Forest,N,200.3355954,36,28.18813198,0.210734863,715.3656,10,0,125
PR-0202-A-COY-01-,PR202COYA,2/2/2022,63.72222,-149.28809,0,Shrub,Y,94.35813235,37,2.293182368,0.096420898,801.3192,5,0.046635186,66
PR-0202-A-COY-02-,PR202COYA,2/2/2022,63.72238,-149.28838,0,Shrub,Y,340.0654614,37,1.9575314,-0.017883301,805.2816,2,0.046635186,47
PR-0203-A-MOO-01-,PR203MOOA,2/3/2022,63.71194,-149.16656,11,Forest,N,135.7548978,38,8.170616924,0.046958008,908.304,3,0,114
PR-0203-A-MOO-02-,PR203MOOA,2/3/2022,63.71196,-149.16666,10,Forest,N,141.9694932,38,8.496652987,0.562412109,908.6088,5,0,133
PR-0215-A-MOO-01-,PR215MOOA,2/15/2022,63.72215,-149.43224,4,Shrub,Y,17.84669678,50,8.31275432,-0.578505859,787.2984,0,0.189010655,95
PR-0215-A-MOO-02-,PR215MOOA,2/15/2022,63.72223,-149.43224,5,Shrub,Y,335.8726497,50,7.464253425,-1.00864502,785.4696,0,0.189010655,100
PR-0216-A-MOO-01-,PR216MOOA,2/16/2022,63.72414,-149.43777,3,Shrub,Y,330.0180232,51,19.91309721,-1.950249023,786.6888,8,0.189010655,143
PR-0216-A-MOO-02-,PR216MOOA,2/16/2022,63.7242,-149.43785,15,Shrub,Y,305.8602701,51,10.50219552,-1.076452637,787.2984,0,0.189010655,109
PR-0216-B-MOO-03-,PR216MOOB,2/16/2022,63.72429,-149.43811,4,Shrub,Y,346.1753572,51,13.87613717,-1.240097656,786.9936,0,0.189010655,123
PR-0216-B-MOO-04-,PR216MOOB,2/16/2022,63.7243,-149.43806,5,Shrub,Y,346.1753572,51,13.87613717,-1.240097656,786.6888,0,0.189010655,85
RC-0214-A-SHP-01-,RC214SHPA,2/14/2022,63.74054,-149.01123,11,Tundra,N,163.5820416,49,79.9946083,-2.23043457,1162.2024,21,0,23
RC-0214-A-SHP-02-,RC214SHPA,2/14/2022,63.7406,-149.01144,5,Tundra,N,197.1791233,49,85.85036769,1.357006836,1142.0856,24,0,28
RC-0214-B-SHP-03-,RC214SHPB,2/14/2022,63.74096,-149.01166,4,Tundra,N,205.2881776,49,85.26682638,7.128984375,1147.2672,23,0,72
RC-0214-B-SHP-04-,RC214SHPB,2/14/2022,63.74102,-149.01141,0,Tundra,N,205.2881776,49,85.26682638,7.128984375,1152.144,12,0,30
RC-0214-C-SHP-05-,RC214SHPC,2/14/2022,63.74142,-149.01135,2,Tundra,N,165.8676512,49,41.58782786,2.725454102,1161.288,17,0,20
RC-0214-C-SHP-06-,RC214SHPC,2/14/2022,63.74151,-149.01134,5,Tundra,N,165.8676512,49,41.58782786,2.725454102,1164.336,30,0,17
RC-0224-A-WLF-01-,RC224WLFA,2/24/2022,63.659093,-148.905296,0,Shrub,N,71.58473128,59,4.319027419,-0.353630371,623.6208,0,0,63
RC-0224-A-WLF-02-,RC224WLFA,2/24/2022,63.65883,-148.9052,0,Forest,N,314.4601125,59,6.62815066,-0.306782227,631.5456,3,0,105
RC-0224-A-WLF-03-,RC224WLFA,2/24/2022,63.658833,-148.905628,7,Shrub,N,73.61680431,59,6.19821371,-0.768369141,619.6584,0,0,103
RC-0224-A-WLF-04-,RC224WLFA,2/24/2022,63.65884,-148.90605,2,Shrub,N,72.30349957,59,5.689684464,-0.449472656,626.9736,3,0,120
RC-0321-A-WLF-05-,RC321WLFA,3/21/2022,63.66857,-148.90745,1,Forest,N,198.8247752,84,73.12555644,-7.765180664,607.1616,0,0,99
RC-0321-A-WLF-06-,RC321WLFA,3/21/2022,63.66853,-148.90746,6,Forest,N,198.8247752,84,73.12555644,-7.765180664,607.1616,0,0,85
RC-0321-B-WLF-07-,RC321WLFB,3/21/2022,63.66871,-148.90872,2,Shrub,N,229.8583341,84,56.63189585,-5.539379883,604.4184,0,0,99
RC-0321-B-WLF-08-,RC321WLFB,3/21/2022,63.66875,-148.90881,4,Shrub,N,229.8583341,84,56.63189585,-5.539379883,603.504,0,0,91
RC-0321-C-WLF-09-,RC321WLFC,3/21/2022,63.66747,-148.90831,10,Forest,N,330.6690353,84,5.203152656,0.184672852,637.9464,12,0,91
RC-0321-C-WLF-10-,RC321WLFC,3/21/2022,63.66748,-148.90837,0,Forest,N,0.647822897,84,4.762371714,0.361203613,637.9464,12,0,112
SA-0307-A-MOO-01-,SA307MOOA,3/7/2022,63.72086,-149.47614,0,Shrub,Y,298.6600801,70,1.864480797,0.089133301,745.8456,0,0.51816625,120
SA-0307-A-MOO-02-,SA307MOOA,3/7/2022,63.72083,-149.47628,0,Shrub,Y,312.2927487,70,1.904434307,-0.005039063,745.8456,0,0.51816625,128
SA-0307-B-MOO-03-,SA307MOOB,3/7/2022,63.72248,-149.47593,0,Forest,Y,97.96201291,70,8.713259937,-0.615368652,749.5032,0,0.51816625,86
SA-0307-B-MOO-04-,SA307MOOB,3/7/2022,63.72244,-149.47588,4,Forest,Y,97.96201291,70,8.713259937,-0.615368652,748.8936,0,0.51816625,86
SF-0317-A-COY-05-,SF317COYA,3/17/2022,63.86465,-149.71039,18,Tundra,Y,319.8097919,80,12.67031495,0.505036621,544.3728,0,5.578442425,71
SF-0317-A-COY-06-,SF317COYA,3/17/2022,63.8645,-149.71053,6,Tundra,Y,319.8097919,80,12.67031495,0.505036621,546.8112,0,5.578442425,69
SF-0317-B-WLF-01-,SF317WLFB,3/17/2022,63.87357,-149.67504,11,Tundra,Y,293.5305218,80,6.119722653,0.63347168,553.5168,0,4.885146538,94
SF-0317-B-WLF-02-,SF317WLFB,3/17/2022,63.87353,-149.67495,7,Tundra,Y,285.8256555,80,5.761480708,0.567453613,554.1264,0,4.885146538,108
SH-0218-A-MOO-01-,SH218MOOA,2/18/2022,63.80827,-149.75394,0,Shrub,Y,2.951192358,53,15.29501008,-2.452966309,591.0072,2,2.987835718,65
SH-0218-A-MOO-02-,SH218MOOA,2/18/2022,63.80841,-149.75349,5,Forest,Y,124.2232988,53,6.804248039,0.00357666,591.312,2,2.987835718,102
SH-0218-B-MOO-03-,SH218MOOB,2/18/2022,63.80854,-149.75377,5,Forest,Y,162.8955748,53,5.941547411,0.303435059,593.1408,5,2.987835718,83
SH-0218-B-MOO-04-,SH218MOOB,2/18/2022,63.80858,-149.75387,0,Forest,Y,162.8955748,53,5.941547411,0.303435059,594.36,0,2.987835718,70
SH-0218-C-MOO-05-,SH218MOOC,2/18/2022,63.80828,-149.75345,15,Shrub,Y,40.34556823,53,17.68839653,-2.852368164,594.0552,0,2.987835718,87
SH-0218-C-MOO-06-,SH218MOOC,2/18/2022,63.80831,-149.75349,0,Shrub,Y,40.34556823,53,17.68839653,-2.852368164,594.0552,0,2.987835718,57
SL-0131-A-MOO-01-,SL131MOOA,1/31/2022,63.92954,-149.1613,8,Shrub,Y,323.1140962,35,7.285829397,-0.595444336,595.884,2,2.908119113,43
SL-0131-A-MOO-02-,SL131MOOA,1/31/2022,63.92959,-149.16129,0,Shrub,Y,323.1140962,35,7.285829397,-0.595444336,594.9696,1,2.908119113,38
SR-0131-A-MOO-01-,SR131MOOA,1/31/2022,63.88578,-149.427,9,Forest,Y,175.9875105,35,9.96199094,1.544841309,531.5712,3,4.578468061,70
SR-0131-A-MOO-02-,SR131MOOA,1/31/2022,63.88577,-149.42703,10,Forest,Y,175.9875105,35,9.96199094,1.544841309,532.1808,5,4.578468061,73
SR-0131-B-MOO-03-,SR131MOOB,1/31/2022,63.87754,-149.41811,18,Shrub,Y,338.8227754,35,3.69579687,0.084287109,548.0304,0,3.217035247,43
SR-0131-B-MOO-04-,SR131MOOB,1/31/2022,63.87747,-149.41812,2,Shrub,Y,283.9275655,35,3.173865235,-0.119543457,545.2872,0,3.217035247,51
ST-0121-A-MOO-01-,ST121MOOA,1/21/2022,63.9091,-149.50613,14,Shrub,Y,348.8273356,25,3.135129207,0.014219971,485.8512,2,4.818314899,64
ST-0121-A-MOO-02-,ST121MOOA,1/21/2022,63.90903,-149.50624,3,Shrub,Y,348.8273356,25,3.135129207,0.014219971,483.4128,4,4.818314899,83
ST-0126-A-MOO-01-,ST126MOOA,1/26/2022,63.90346,-149.20154,0,Shrub,Y,64.00318937,30,6.508132614,-1.027272949,577.596,10,2.781496804,33
ST-0126-B-MOO-02-,ST126MOOA,1/26/2022,63.90504,-149.21407,18,Shrub,Y,136.2616928,30,9.878499036,-1.375454102,593.7504,2,2.781496804,50
ST-0126-C-MOO-03-,ST126MOOC,1/26/2022,63.90544,-149.90544,2,Shrub,Y,10.13617955,30,21.37904055,0.339318848,594.36,3,3.441663073,83
ST-0131-A-COY-01-,ST131COYA,1/31/2022,63.88544,-149.29358,1,Tundra,Y,28.94599034,35,4.383995603,0.208398438,656.844,3,2.370206592,59
ST-0131-A-COY-02-,ST131COYA,1/31/2022,63.8855,-149.29358,5,Tundra,Y,28.94599034,35,4.383995603,0.208398438,657.1488,2,2.370206592,75
ST-0207-A-WLF-01-,ST207WLFA,2/7/2022,63.90243,-149.44907,0,Forest,Y,68.88548131,42,11.53049365,0.136186523,518.4648,0,4.578468061,94
ST-0207-A-WLF-02-,ST207WLFA,2/7/2022,63.90246,-149.44901,0,Forest,Y,68.88548131,42,11.53049365,0.136186523,517.2456,0,4.578468061,100
ST-0207-C-MOO-01-,ST207MOOC,2/7/2022,63.88461,-149.27617,0,Shrub,Y,187.4871246,42,17.67383411,0.860869141,662.0256,0,2.231815168,109
ST-0207-C-MOO-02-,ST207MOOC,2/7/2022,63.88467,-149.27612,0,Shrub,Y,187.4871246,42,17.67383411,0.860869141,662.0256,0,2.231815168,103
ST-0210-A-BOU-01-,ST210BOUA,2/10/2022,63.91132,-149.25687,10,Tundra,Y,340.1978293,45,4.759198026,0.086262207,662.6352,2,1.871827836,99
ST-0210-A-BOU-02-,ST210BOUA,2/10/2022,63.91138,-149.25691,13,Tundra,Y,340.1978293,45,4.759198026,0.086262207,661.416,2,1.871827836,88
ST-0210-B-BOU-03-,ST210BOUB,2/10/2022,63.91691,-149.26857,1,Forest,Y,220.2760342,45,8.066478493,0.36470459,637.3368,3,1.871827836,123
ST-0210-B-BOU-04-,ST210BOUB,2/10/2022,63.917,-149.26874,1,Forest,Y,241.1476524,45,6.251236361,0.222092285,637.9464,1,1.871827836,131
ST-0211-A-MOO-01-,ST211MOOA,2/11/2022,63.90005,-149.2084,0,Shrub,Y,112.2394493,46,3.873376716,-0.546137695,580.644,4,2.781496804,46
ST-0211-B-MOO-02-,ST211MOOB,2/11/2022,63.90004,-149.2114,0,Shrub,Y,68.91930377,46,3.128592215,-0.353474121,582.168,2,2.781496804,31
ST-0211-B-MOO-03-,ST211MOOB,2/11/2022,63.90011,-149.21136,2,Shrub,Y,41.77912267,46,3.805504559,-0.563901367,583.0824,3,2.781496804,59
ST-0211-C-MOO-04-,ST211MOOC,2/11/2022,63.89707,-149.22636,3,Tundra,Y,82.70390039,46,7.184666441,-0.48904541,628.8024,0,2.448441543,75
ST-0211-C-MOO-05-,ST211MOOC,2/11/2022,63.89708,-149.22606,36,Tundra,Y,83.82730218,46,8.080960457,-0.71447998,627.888,4,2.448441543,105
ST-0211-D-BOU-01-,ST211BOUD,2/11/2022,63.92058,-149.27078,1,Forest,Y,192.1337372,46,11.49698238,-0.879746094,650.4432,2,1.871827836,122
ST-0211-D-BOU-02-,ST211BOUD,2/11/2022,63.92054,-149.27075,0,Forest,Y,225.4926127,46,9.081875808,-0.322207031,650.1384,3,1.871827836,120
ST-0211-E-BOU-03-,ST211BOUE,2/11/2022,63.91111,-149.27199,36,Tundra,Y,305.3520607,46,6.134202102,-0.247924805,635.8128,0,1.871827836,105
ST-0211-E-BOU-04-,ST211BOUE,2/11/2022,63.91116,-149.27182,16,Tundra,Y,295.1032402,46,6.129441945,0.064399414,636.4224,2,1.871827836,117
ST-0211-F-BOU-05-,ST211BOUF,2/11/2022,63.90273,-149.24989,14,Tundra,Y,27.15190714,46,2.970349696,-0.003679199,662.0256,1,2.231815168,97
ST-0211-F-BOU-06-,ST211BOUF,2/11/2022,63.9028,-149.24986,19,Tundra,Y,56.85005028,46,3.203692205,-0.254606934,662.0256,1,2.231815168,88
ST-0211-G-BOU-07-,ST211BOUG,2/11/2022,63.86834,-149.22873,10,Tundra,Y,52.44243672,46,5.207820977,0.130283203,707.7456,0,0.71140845,78
ST-0211-G-BOU-08-,ST211BOUG,2/11/2022,63.86629,-149.22873,15,Tundra,Y,56.51850698,46,6.394143688,0.142949219,706.8312,0,0.71140845,59
ST-0225-A-COY-01-,ST225COYA,2/25/2022,63.88939,-149.35772,7,Forest,Y,319.7138417,60,5.108994295,-0.186474609,559.6128,4,3.31241038,108
ST-0225-A-COY-02-,ST225COYA,2/25/2022,63.88943,-149.3578,2,Forest,Y,319.4560815,60,5.377608994,-0.190800781,561.1368,3,3.31241038,103
ST-0310-A-ANC-01-,ST310ANCA,3/10/2022,63.89034,-149.35187,0,Forest,Y,297.875718,73,5.672463567,-0.726721191,563.88,0,3.31241038,132
ST-0310-B-ANC-03-,ST310ANCB,3/10/2022,63.87469,-149.31995,3,Forest,Y,149.6764268,73,23.83233182,0.266313477,622.0968,17,1.603758888,48
ST-0310-B-ANC-04-,ST310ANCB,3/10/2022,63.87468,-149.31994,0,Forest,Y,149.6764268,73,23.83233182,0.266313477,623.6208,9,1.603758888,115
ST-0318-A-WLF-01-,ST318WLFA,3/18/2022,63.89369,-149.15786,1,Forest,Y,168.9036264,81,3.132906109,-0.337958984,555.3456,0,3.330721676,118
ST-0318-A-WLF-02-,ST318WLFA,3/18/2022,63.89372,-149.15778,2,Forest,Y,168.9036264,81,3.132906109,-0.337958984,558.3936,0,3.330721676,119
SU-0218-A-NA-NoAnimal-,SU218NAA,2/18/2022,63.83668,-149.87548,0,Forest,Y,18.22936551,53,6.802331879,0.083425293,536.1432,0,5.334859509,126
SU-0315-A-COY-01-,SU315COYA,3/15/2022,63.86642,-149.71733,12,Tundra,Y,331.5197523,78,13.77278623,-0.931337891,529.1328,0,5.578442425,58
SU-0315-A-COY-02-,SU315COYA,3/15/2022,63.86638,-149.71701,6,Tundra,Y,349.0908604,78,18.27176722,-1.562033691,529.7424,0,5.578442425,59
SU-0315-B-COY-03-,SU315COYB,3/15/2022,63.8667,-149.76828,0,Forest,Y,343.0585992,78,3.399573785,0.355617676,511.4544,0,5.979839022,30
SU-0315-B-COY-04-,SU315COYB,3/15/2022,63.8667,-149.76828,0,Forest,Y,343.0585992,78,3.399573785,0.355617676,511.4544,0,5.979839022,41
SU-0315-C-WLF-01-,SU315WLFC,3/15/2022,63.81888,-149.74698,0,Forest,Y,292.5048499,78,11.39446631,1.689545898,574.2432,6,5.068730768,88
SU-0315-C-WLF-02-,SU315WLFC,3/15/2022,63.8189,-149.74707,0,Forest,Y,301.2000618,78,9.705683356,0.27090332,572.4144,0,5.068730768,56
SU-0315-D-WLF-03-,SU315WLFD,3/15/2022,63.8186,-149.74478,0,Forest,Y,258.5559389,78,2.297654911,0.005773926,573.3288,0,5.068730768,58
SU-0315-D-WLF-04-,SU315WLFD,3/15/2022,63.8186,-149.74478,5,Forest,Y,258.5559389,78,2.297654911,0.005773926,573.3288,0,5.068730768,78
SU-0315-E-WLF-05-,SU315WLFE,3/15/2022,63.81765,-149.74022,5,Tundra,Y,282.5198727,78,8.555110099,0.157102051,577.2912,0,2.987835718,119
SU-0315-E-WLF-06-,SU315WLFE,3/15/2022,63.81766,-149.74005,15,Tundra,Y,282.5198727,78,8.555110099,0.157102051,573.6336,0,2.987835718,75
SU-0317-A-COY-01-,SU317COYA,3/17/2022,63.85673,-149.77887,0,Forest,Y,125.7572227,80,2.97427555,-0.435776367,518.4648,0,5.979839022,109
SU-0317-A-COY-02-,SU317COYA,3/17/2022,63.85673,-149.77887,2,Forest,Y,125.7572227,80,2.97427555,-0.435776367,518.4648,0,5.979839022,77
SU-0317-B-COY-03-,SU317COYB,3/17/2022,63.86285,-149.77009,3,Shrub,Y,87.7722118,80,5.275649977,0.853446045,504.444,0,5.979839022,96
SU-0317-B-COY-04-,SU317COYB,3/17/2022,63.86289,-149.77004,1,Shrub,Y,87.7722118,80,5.275649977,0.853446045,501.0912,0,5.979839022,102
SV-0302-A-BOU-01-,SV302BOUA,3/2/2022,63.80733,-149.26333,5,Shrub,Y,202.3756215,65,8.665487188,-0.908815918,801.624,0,0.184381405,83
SV-0302-A-BOU-02-,SV302BOUA,3/2/2022,63.80733,-149.26333,3,Shrub,Y,202.3756215,65,8.665487188,-0.908815918,801.624,5,0.184381405,157
SV-0302-A-WLF-01-,SV302WLFA,3/2/2022,63.80742,-149.26353,9,Shrub,Y,207.8188056,65,7.844276019,-0.283244629,808.0248,4,0.184381405,73
SV-0302-A-WLF-02-,SV302WLFA,3/2/2022,63.80733,-149.26341,6,Shrub,Y,207.8188056,65,7.844276019,-0.283244629,801.0144,7,0.184381405,79
SV-0302-B-WLF-03-,SV302WLFB,3/2/2022,63.80746,-149.25335,8,Tundra,Y,235.4717085,65,29.37297766,-4.438674316,826.3128,3,0.184381405,68
SV-0302-B-WLF-04-,SV302WLFB,3/2/2022,63.80747,-149.25346,0,Tundra,Y,235.4717085,65,29.37297766,-4.438674316,825.3984,3,0.184381405,23
TH-0303-A-COY-01-,TH303COYA,3/3/2022,63.91103,-149.47766,9,Tundra,Y,29.97171061,66,34.18828432,-1.170847168,524.256,15,3.445220141,65
TH-0303-A-COY-02-,TH303COYA,3/3/2022,63.91107,-149.47789,32,Tundra,Y,36.6269113,66,32.76534502,-0.204536133,530.6568,9,3.445220141,80
TH-0303-B-COY-05-,TH303COYB,3/3/2022,63.90854,-149.47071,0,Forest,Y,59.86130339,66,17.48135373,0.119626465,520.2936,8,3.445220141,99
TH-0303-B-COY-06-,TH303COYB,3/3/2022,63.90861,-149.47096,1,Forest,Y,58.13532132,66,19.29734939,0.29267334,520.9032,12,3.445220141,110
TK-0303-A-COY-03-,TK303COYA,3/3/2022,63.912,-149.49025,5,Forest,Y,276.7502545,66,6.764157605,-0.628277588,490.728,0,4.818314899,95
TK-0303-A-COY-04-,TK303COYA,3/3/2022,63.91189,-149.49013,2,Forest,Y,282.3732309,66,4.515314895,-0.355386963,490.728,0,4.818314899,97
TK-0308-A-MOO-01-,TK308MOOA,3/8/2022,63.69598,-149.57859,1,Shrub,Y,34.38101823,71,3.150470211,-0.002700195,737.616,0,1.164447634,103
TK-0308-A-MOO-02-,TK308MOOA,3/8/2022,63.69598,-149.57859,1,Shrub,Y,34.38101823,71,3.150470211,-0.002700195,737.616,3,1.164447634,94
TK-0308-B-MOO-03-,TK308MOOB,3/8/2022,63.69762,-149.58217,1,Forest,Y,68.10591838,71,4.218043183,0.54222168,752.5512,0,1.164447634,109
TK-0308-B-MOO-04-,TK308MOOB,3/8/2022,63.69765,-149.58239,0,Forest,Y,324.1955037,71,3.284427143,0.420454102,752.5512,0,1.164447634,99
TK-0308-C-MOO-05-,TK308MOOC,3/8/2022,63.69797,-149.58522,4,Forest,Y,351.3203391,71,6.762595225,-0.08685791,739.7496,0,1.164447634,106
TK-0308-C-MOO-06-,TK308MOOC,3/8/2022,63.69793,-149.5852,0,Forest,Y,351.3203391,71,6.762595225,-0.08685791,739.7496,0,1.164447634,59
TL-0209-A-MOO-01-,TL209MOOA,2/9/2022,63.72953,-148.91545,0,Forest,Y,126.6166561,44,5.471177781,-0.312858887,508.7112,12,0.857368239,95
TL-0209-A-MOO-02-,TL209MOOA,2/9/2022,63.72588,-148.91544,0,Forest,Y,154.9122942,44,29.19813102,-3.005091553,512.064,2,0.000603575,99
TL-0209-B-MOO-03-,TL209MOOB,2/9/2022,63.72592,-148.9203,0,Forest,N,160.8644425,44,55.67577781,-4.582471924,522.1224,0,0,81
TL-0209-B-MOO-04-,TL209MOOB,2/9/2022,63.72589,-148.9205,0,Forest,N,160.8644425,44,55.67577781,-4.582471924,519.684,0,0,99
TL-0321-A-WLF-01-,TL321WLFA,3/21/2022,63.65228,-148.86049,3,Forest,N,228.6253464,84,3.146853557,-0.193618164,633.3744,0,0,87
TL-0321-A-WLF-02-,TL321WLFA,3/21/2022,63.65228,-148.86043,0,Forest,N,228.6253464,84,3.146853557,-0.193618164,634.5936,0,0,87
TL-0321-B-WLF-03-,TL321WLFB,3/21/2022,63.67057,-148.89941,0,Forest,N,213.0109289,84,13.23648668,-1.053061523,626.9736,0,0,98
TL-0321-B-WLF-04-,TL321WLFB,3/21/2022,63.67066,-148.89937,0,Forest,N,213.0109289,84,13.23648668,-1.053061523,632.1552,0,0,121
TL-0321-D-COY-01-,TL321D,3/21/2022,63.65712,-148.87151,0,Shrub,N,65.9281002,84,7.611194718,-0.575319824,623.9256,0,0,29
TL-0321-D-MOO-01-,TL321D,3/21/2022,63.65712,-148.87151,0,Shrub,N,65.9281002,84,7.611194718,-0.575319824,623.9256,0,0,29
TL-0321-E-MOO-02-,TL321MOOE,3/21/2022,63.65124,-148.85374,2,Forest,N,244.8653801,84,23.39993448,-0.811904297,649.5288,0,0,98
TL-0321-E-MOO-03-,TL321MOOE,3/21/2022,63.65127,-148.85374,0,Forest,N,244.8653801,84,23.39993448,-0.811904297,649.5288,8,0,77
VC-0120-C-MOO-01-,VC120MOOC,1/20/2022,63.72926,-148.91779,0,Forest,Y,324.2314371,24,6.89740476,-0.266242676,533.4,3,0.121875665,85
VC-0120-C-MOO-02-,VC120MOOC,1/20/2022,63.72924,-148.91774,0,Forest,Y,348.6373383,24,6.299783184,-0.003496094,532.7904,2,0.121875665,88
VC-0304-A-MOO-01-,VC304MOOA,3/4/2022,63.72837,-149.91806,0,Forest,Y,55.89837031,67,35.08840748,0.287788086,530.352,0,4.32362028,109
VC-0304-A-MOO-02-,VC304MOOA,3/4/2022,63.72842,-149.91842,5,Forest,Y,54.25198435,67,36.11745319,0.461428223,536.448,0,4.32362028,112
VC-0304-B-MOO-03-,VC304MOOB,3/4/2022,63.72851,-149.91642,7,Forest,Y,55.49375675,67,23.00917452,-0.536418457,534.0096,0,4.32362028,80
VC-0304-B-MOO-04-,VC304MOOB,3/4/2022,63.72845,-149.91631,6,Forest,Y,57.02663811,67,20.89753233,-0.494575195,534.0096,0,4.32362028,69
VC-0304-C-MOO-05-,VC304MOOC,3/4/2022,63.72859,-148.91665,0,Forest,Y,49.0063224,67,11.19149961,-0.134094238,538.8864,0,0.121875665,97
VC-0304-C-MOO-06-,VC304MOOC,3/4/2022,63.7287,-148.91675,3,Forest,Y,28.0936048,67,8.906859743,-0.35994873,537.972,0,0.121875665,83
WF-0316-A-WLF-01-,WF316WLFA,3/16/2022,63.80543,-149.7731,2,Tundra,Y,345.316829,79,18.28660695,-0.366464844,625.4496,3,4.091619023,72
WF-0316-A-WLF-02-,WF316WLFA,3/16/2022,63.80536,-149.7738,6,Tundra,Y,332.4161286,79,15.58571251,-0.49998291,623.6208,0,4.091619023,65
WF-0316-B-WLF-03-,WF316WLFB,3/16/2022,63.80648,-149.79423,4,Tundra,Y,317.7776287,79,5.588363734,-0.082695313,604.1136,0,4.214541857,64
WF-0316-B-WLF-04-,WF316WLFB,3/16/2022,63.80649,-149.79414,0,Tundra,Y,319.7817297,79,5.505963196,-0.013105469,607.4664,0,4.214541857,35
WF-0316-C-WLF-05-,WF316WLFC,3/16/2022,63.8166,-149.81997,5,Tundra,Y,341.3639282,79,3.867795552,0.287980957,605.3328,0,4.633755218,60
WF-0316-C-WLF-06-,WF316WLFC,3/16/2022,63.81667,-149.82016,2,Tundra,Y,342.5112373,79,4.339967395,0.157050781,608.6856,0,4.633755218,59
WF-0316-D-COY-01-,WF316COYD,3/16/2022,63.80985,-149.8704,1,Tundra,Y,248.3651073,79,11.22835866,1.14545166,595.884,0,4.809211518,38
WF-0316-D-COY-02-,WF316COYD,3/16/2022,63.80985,-149.8704,1,Tundra,Y,248.3651073,79,11.22835866,1.14545166,595.884,0,4.809211518,31
WF-0316-E-COY-03-,WF316COYE,3/16/2022,63.8213,-149.87749,0,Tundra,Y,258.7857155,79,3.748627585,-0.316240234,565.404,0,5.535992964,51
WF-0316-E-COY-04-,WF316COYE,3/16/2022,63.82122,-149.8773,8,Tundra,Y,258.7857155,79,3.748627585,-0.316240234,565.404,0,5.535992964,94
WF-0316-F-COY-05-,WF316COYF,3/16/2022,63.82525,-149.86768,0,Forest,Y,9.636994286,79,6.362504189,-1.076875,563.2704,0,5.334859509,79
WF-0316-F-COY-06-,WF316COYF,3/16/2022,63.82525,-149.86768,0,Forest,Y,9.636994286,79,6.362504189,-1.076875,563.2704,0,5.334859509,72
WF-0316-G-COY-07-,WF316COYG,3/16/2022,63.82509,-149.86826,5,Forest,Y,14.69816082,79,5.859232161,0.280742187,564.7944,0,5.334859509,128
WF-0316-G-COY-08-,WF316COYG,3/16/2022,63.82506,-149.86835,1,Forest,Y,15.58402135,79,6.917595974,0.290524902,565.0992,0,5.334859509,119
WK-0323-A-KILL-01-,WK323KILLA,3/23/2022,63.69643,-149.34058,4,Tundra,N,85.12882755,86,8.816851324,0.206989746,938.1744,4,0,124
WK-0323-A-WLF-01-,WK323WLFA,3/23/2022,63.69621,-149.3407,7,Tundra,N,90.03235274,86,9.199597431,0.036887207,939.6984,5,0,158
WK-0323-A-WLF-02-,WK323WLFA,3/23/2022,63.6926,-149.34213,11,Tundra,N,97.48260411,86,20.23901809,0.151984863,944.2704,5,0,142
WK-0323-A-WLF-03-,WK323WLFA,3/23/2022,63.69649,-149.34047,7,Tundra,N,88.52297318,86,8.897601272,-0.022219238,938.4792,5,0,110
